{
    "version": 1,
    "models": {
        "User": {
            "name": "User",
            "fields": {
                "id": {
                    "name": "id",
                    "isArray": false,
                    "type": "ID",
                    "isRequired": true,
                    "attributes": []
                },
                "owner": {
                    "name": "owner",
                    "isArray": false,
                    "type": "String",
                    "isRequired": false,
                    "attributes": []
                },
                "username": {
                    "name": "username",
                    "isArray": false,
                    "type": "String",
                    "isRequired": false,
                    "attributes": []
                },
                "name": {
                    "name": "name",
                    "isArray": false,
                    "type": "String",
                    "isRequired": false,
                    "attributes": []
                },
                "email": {
                    "name": "email",
                    "isArray": false,
                    "type": "String",
                    "isRequired": false,
                    "attributes": []
                },
                "phone": {
                    "name": "phone",
                    "isArray": false,
                    "type": "String",
                    "isRequired": false,
                    "attributes": []
                },
                "location": {
                    "name": "location",
                    "isArray": false,
                    "type": "String",
                    "isRequired": false,
                    "attributes": []
                },
                "bio": {
                    "name": "bio",
                    "isArray": false,
                    "type": "String",
                    "isRequired": false,
                    "attributes": []
                },
                "properties": {
                    "name": "properties",
                    "isArray": true,
                    "type": {
                        "model": "Property"
                    },
                    "isRequired": false,
                    "attributes": [],
                    "isArrayNullable": true,
                    "association": {
                        "connectionType": "HAS_MANY",
                        "associatedWith": [
                            "ownerId"
                        ]
                    }
                },
                "viewings": {
                    "name": "viewings",
                    "isArray": true,
                    "type": {
                        "model": "PropertyViewing"
                    },
                    "isRequired": false,
                    "attributes": [],
                    "isArrayNullable": true,
                    "association": {
                        "connectionType": "HAS_MANY",
                        "associatedWith": [
                            "userId"
                        ]
                    }
                },
                "preferences": {
                    "name": "preferences",
                    "isArray": true,
                    "type": {
                        "model": "UserPreference"
                    },
                    "isRequired": false,
                    "attributes": [],
                    "isArrayNullable": true,
                    "association": {
                        "connectionType": "HAS_MANY",
                        "associatedWith": [
                            "userId"
                        ]
                    }
                },
                "sentQueries": {
                    "name": "sentQueries",
                    "isArray": true,
                    "type": {
                        "model": "ClientQuery"
                    },
                    "isRequired": false,
                    "attributes": [],
                    "isArrayNullable": true,
                    "association": {
                        "connectionType": "HAS_MANY",
                        "associatedWith": [
                            "userId"
                        ]
                    }
                },
                "receivedQueries": {
                    "name": "receivedQueries",
                    "isArray": true,
                    "type": {
                        "model": "ClientQuery"
                    },
                    "isRequired": false,
                    "attributes": [],
                    "isArrayNullable": true,
                    "association": {
                        "connectionType": "HAS_MANY",
                        "associatedWith": [
                            "propertyOwnerId"
                        ]
                    }
                },
                "createdAt": {
                    "name": "createdAt",
                    "isArray": false,
                    "type": "AWSDateTime",
                    "isRequired": false,
                    "attributes": [],
                    "isReadOnly": true
                },
                "updatedAt": {
                    "name": "updatedAt",
                    "isArray": false,
                    "type": "AWSDateTime",
                    "isRequired": false,
                    "attributes": [],
                    "isReadOnly": true
                }
            },
            "syncable": true,
            "pluralName": "Users",
            "attributes": [
                {
                    "type": "model",
                    "properties": {}
                },
                {
                    "type": "auth",
                    "properties": {
                        "rules": [
                            {
                                "provider": "userPools",
                                "ownerField": "owner",
                                "allow": "owner",
                                "operations": [
                                    "create",
                                    "read",
                                    "update",
                                    "delete"
                                ],
                                "identityClaim": "cognito:username"
                            }
                        ]
                    }
                }
            ],
            "primaryKeyInfo": {
                "isCustomPrimaryKey": false,
                "primaryKeyFieldName": "id",
                "sortKeyFieldNames": []
            }
        },
        "Property": {
            "name": "Property",
            "fields": {
                "id": {
                    "name": "id",
                    "isArray": false,
                    "type": "ID",
                    "isRequired": true,
                    "attributes": []
                },
                "ownerId": {
                    "name": "ownerId",
                    "isArray": false,
                    "type": "ID",
                    "isRequired": true,
                    "attributes": []
                },
                "owner": {
                    "name": "owner",
                    "isArray": false,
                    "type": {
                        "model": "User"
                    },
                    "isRequired": false,
                    "attributes": [],
                    "association": {
                        "connectionType": "BELONGS_TO",
                        "targetNames": [
                            "ownerId"
                        ]
                    }
                },
                "title": {
                    "name": "title",
                    "isArray": false,
                    "type": "String",
                    "isRequired": true,
                    "attributes": []
                },
                "description": {
                    "name": "description",
                    "isArray": false,
                    "type": "String",
                    "isRequired": true,
                    "attributes": []
                },
                "price": {
                    "name": "price",
                    "isArray": false,
                    "type": "Int",
                    "isRequired": true,
                    "attributes": []
                },
                "location": {
                    "name": "location",
                    "isArray": false,
                    "type": "String",
                    "isRequired": true,
                    "attributes": []
                },
                "type": {
                    "name": "type",
                    "isArray": false,
                    "type": {
                        "enum": "PropertyType"
                    },
                    "isRequired": false,
                    "attributes": []
                },
                "bedrooms": {
                    "name": "bedrooms",
                    "isArray": false,
                    "type": "Int",
                    "isRequired": true,
                    "attributes": []
                },
                "bathrooms": {
                    "name": "bathrooms",
                    "isArray": false,
                    "type": "Int",
                    "isRequired": true,
                    "attributes": []
                },
                "area": {
                    "name": "area",
                    "isArray": false,
                    "type": "Int",
                    "isRequired": true,
                    "attributes": []
                },
                "status": {
                    "name": "status",
                    "isArray": false,
                    "type": {
                        "enum": "PropertyStatus"
                    },
                    "isRequired": false,
                    "attributes": []
                },
                "images": {
                    "name": "images",
                    "isArray": true,
                    "type": "String",
                    "isRequired": false,
                    "attributes": [],
                    "isArrayNullable": true
                },
                "features": {
                    "name": "features",
                    "isArray": true,
                    "type": "String",
                    "isRequired": false,
                    "attributes": [],
                    "isArrayNullable": true
                },
                "views": {
                    "name": "views",
                    "isArray": false,
                    "type": "Int",
                    "isRequired": false,
                    "attributes": []
                },
                "listerName": {
                    "name": "listerName",
                    "isArray": false,
                    "type": "String",
                    "isRequired": false,
                    "attributes": []
                },
                "listerEmail": {
                    "name": "listerEmail",
                    "isArray": false,
                    "type": "String",
                    "isRequired": false,
                    "attributes": []
                },
                "listerPhone": {
                    "name": "listerPhone",
                    "isArray": false,
                    "type": "String",
                    "isRequired": false,
                    "attributes": []
                },
                "createdAt": {
                    "name": "createdAt",
                    "isArray": false,
                    "type": "AWSDateTime",
                    "isRequired": false,
                    "attributes": []
                },
                "updatedAt": {
                    "name": "updatedAt",
                    "isArray": false,
                    "type": "AWSDateTime",
                    "isRequired": false,
                    "attributes": []
                },
                "viewings": {
                    "name": "viewings",
                    "isArray": true,
                    "type": {
                        "model": "PropertyViewing"
                    },
                    "isRequired": false,
                    "attributes": [],
                    "isArrayNullable": true,
                    "association": {
                        "connectionType": "HAS_MANY",
                        "associatedWith": [
                            "propertyId"
                        ]
                    }
                },
                "queries": {
                    "name": "queries",
                    "isArray": true,
                    "type": {
                        "model": "ClientQuery"
                    },
                    "isRequired": false,
                    "attributes": [],
                    "isArrayNullable": true,
                    "association": {
                        "connectionType": "HAS_MANY",
                        "associatedWith": [
                            "propertyId"
                        ]
                    }
                }
            },
            "syncable": true,
            "pluralName": "Properties",
            "attributes": [
                {
                    "type": "model",
                    "properties": {}
                },
                {
                    "type": "auth",
                    "properties": {
                        "rules": [
                            {
                                "provider": "userPools",
                                "ownerField": "ownerId",
                                "allow": "owner",
                                "operations": [
                                    "create",
                                    "read",
                                    "update",
                                    "delete"
                                ],
                                "identityClaim": "cognito:username"
                            },
                            {
                                "allow": "public",
                                "provider": "iam",
                                "operations": [
                                    "read"
                                ]
                            },
                            {
                                "allow": "private",
                                "operations": [
                                    "read"
                                ]
                            }
                        ]
                    }
                }
            ],
            "primaryKeyInfo": {
                "isCustomPrimaryKey": false,
                "primaryKeyFieldName": "id",
                "sortKeyFieldNames": []
            }
        },
        "ClientQuery": {
            "name": "ClientQuery",
            "fields": {
                "id": {
                    "name": "id",
                    "isArray": false,
                    "type": "ID",
                    "isRequired": true,
                    "attributes": []
                },
                "propertyId": {
                    "name": "propertyId",
                    "isArray": false,
                    "type": "ID",
                    "isRequired": true,
                    "attributes": []
                },
                "property": {
                    "name": "property",
                    "isArray": false,
                    "type": {
                        "model": "Property"
                    },
                    "isRequired": false,
                    "attributes": [],
                    "association": {
                        "connectionType": "BELONGS_TO",
                        "targetNames": [
                            "propertyId"
                        ]
                    }
                },
                "userId": {
                    "name": "userId",
                    "isArray": false,
                    "type": "ID",
                    "isRequired": true,
                    "attributes": []
                },
                "user": {
                    "name": "user",
                    "isArray": false,
                    "type": {
                        "model": "User"
                    },
                    "isRequired": false,
                    "attributes": [],
                    "association": {
                        "connectionType": "BELONGS_TO",
                        "targetNames": [
                            "userId"
                        ]
                    }
                },
                "propertyOwnerId": {
                    "name": "propertyOwnerId",
                    "isArray": false,
                    "type": "ID",
                    "isRequired": true,
                    "attributes": []
                },
                "propertyOwner": {
                    "name": "propertyOwner",
                    "isArray": false,
                    "type": {
                        "model": "User"
                    },
                    "isRequired": false,
                    "attributes": [],
                    "association": {
                        "connectionType": "BELONGS_TO",
                        "targetNames": [
                            "propertyOwnerId"
                        ]
                    }
                },
                "clientName": {
                    "name": "clientName",
                    "isArray": false,
                    "type": "String",
                    "isRequired": true,
                    "attributes": []
                },
                "clientEmail": {
                    "name": "clientEmail",
                    "isArray": false,
                    "type": "String",
                    "isRequired": true,
                    "attributes": []
                },
                "clientPhone": {
                    "name": "clientPhone",
                    "isArray": false,
                    "type": "String",
                    "isRequired": false,
                    "attributes": []
                },
                "subject": {
                    "name": "subject",
                    "isArray": false,
                    "type": "String",
                    "isRequired": true,
                    "attributes": []
                },
                "message": {
                    "name": "message",
                    "isArray": false,
                    "type": "String",
                    "isRequired": true,
                    "attributes": []
                },
                "status": {
                    "name": "status",
                    "isArray": false,
                    "type": {
                        "enum": "ClientQueryStatus"
                    },
                    "isRequired": false,
                    "attributes": []
                },
                "priority": {
                    "name": "priority",
                    "isArray": false,
                    "type": {
                        "enum": "ClientQueryPriority"
                    },
                    "isRequired": false,
                    "attributes": []
                },
                "createdAt": {
                    "name": "createdAt",
                    "isArray": false,
                    "type": "AWSDateTime",
                    "isRequired": false,
                    "attributes": []
                },
                "updatedAt": {
                    "name": "updatedAt",
                    "isArray": false,
                    "type": "AWSDateTime",
                    "isRequired": false,
                    "attributes": []
                }
            },
            "syncable": true,
            "pluralName": "ClientQueries",
            "attributes": [
                {
                    "type": "model",
                    "properties": {}
                },
                {
                    "type": "auth",
                    "properties": {
                        "rules": [
                            {
                                "provider": "userPools",
                                "ownerField": "userId",
                                "allow": "owner",
                                "operations": [
                                    "create",
                                    "read",
                                    "update",
                                    "delete"
                                ],
                                "identityClaim": "cognito:username"
                            },
                            {
                                "provider": "userPools",
                                "ownerField": "propertyOwnerId",
                                "allow": "owner",
                                "operations": [
                                    "read",
                                    "update"
                                ],
                                "identityClaim": "cognito:username"
                            }
                        ]
                    }
                }
            ],
            "primaryKeyInfo": {
                "isCustomPrimaryKey": false,
                "primaryKeyFieldName": "id",
                "sortKeyFieldNames": []
            }
        },
        "UserPreference": {
            "name": "UserPreference",
            "fields": {
                "id": {
                    "name": "id",
                    "isArray": false,
                    "type": "ID",
                    "isRequired": true,
                    "attributes": []
                },
                "userId": {
                    "name": "userId",
                    "isArray": false,
                    "type": "ID",
                    "isRequired": true,
                    "attributes": []
                },
                "user": {
                    "name": "user",
                    "isArray": false,
                    "type": {
                        "model": "User"
                    },
                    "isRequired": false,
                    "attributes": [],
                    "association": {
                        "connectionType": "BELONGS_TO",
                        "targetNames": [
                            "userId"
                        ]
                    }
                },
                "catalogueProperties": {
                    "name": "catalogueProperties",
                    "isArray": true,
                    "type": "String",
                    "isRequired": false,
                    "attributes": [],
                    "isArrayNullable": true
                },
                "favoriteProperties": {
                    "name": "favoriteProperties",
                    "isArray": true,
                    "type": "String",
                    "isRequired": false,
                    "attributes": [],
                    "isArrayNullable": true
                },
                "searchHistory": {
                    "name": "searchHistory",
                    "isArray": true,
                    "type": "String",
                    "isRequired": false,
                    "attributes": [],
                    "isArrayNullable": true
                },
                "priceRange": {
                    "name": "priceRange",
                    "isArray": false,
                    "type": "AWSJSON",
                    "isRequired": false,
                    "attributes": []
                },
                "preferredLocations": {
                    "name": "preferredLocations",
                    "isArray": true,
                    "type": "String",
                    "isRequired": false,
                    "attributes": [],
                    "isArrayNullable": true
                },
                "createdAt": {
                    "name": "createdAt",
                    "isArray": false,
                    "type": "AWSDateTime",
                    "isRequired": false,
                    "attributes": []
                },
                "updatedAt": {
                    "name": "updatedAt",
                    "isArray": false,
                    "type": "AWSDateTime",
                    "isRequired": false,
                    "attributes": []
                }
            },
            "syncable": true,
            "pluralName": "UserPreferences",
            "attributes": [
                {
                    "type": "model",
                    "properties": {}
                },
                {
                    "type": "auth",
                    "properties": {
                        "rules": [
                            {
                                "provider": "userPools",
                                "ownerField": "userId",
                                "allow": "owner",
                                "operations": [
                                    "create",
                                    "read",
                                    "update",
                                    "delete"
                                ],
                                "identityClaim": "cognito:username"
                            }
                        ]
                    }
                }
            ],
            "primaryKeyInfo": {
                "isCustomPrimaryKey": false,
                "primaryKeyFieldName": "id",
                "sortKeyFieldNames": []
            }
        },
        "PropertyViewing": {
            "name": "PropertyViewing",
            "fields": {
                "id": {
                    "name": "id",
                    "isArray": false,
                    "type": "ID",
                    "isRequired": true,
                    "attributes": []
                },
                "propertyId": {
                    "name": "propertyId",
                    "isArray": false,
                    "type": "ID",
                    "isRequired": true,
                    "attributes": []
                },
                "property": {
                    "name": "property",
                    "isArray": false,
                    "type": {
                        "model": "Property"
                    },
                    "isRequired": false,
                    "attributes": [],
                    "association": {
                        "connectionType": "BELONGS_TO",
                        "targetNames": [
                            "propertyId"
                        ]
                    }
                },
                "userId": {
                    "name": "userId",
                    "isArray": false,
                    "type": "ID",
                    "isRequired": true,
                    "attributes": []
                },
                "user": {
                    "name": "user",
                    "isArray": false,
                    "type": {
                        "model": "User"
                    },
                    "isRequired": false,
                    "attributes": [],
                    "association": {
                        "connectionType": "BELONGS_TO",
                        "targetNames": [
                            "userId"
                        ]
                    }
                },
                "propertyOwnerId": {
                    "name": "propertyOwnerId",
                    "isArray": false,
                    "type": "ID",
                    "isRequired": true,
                    "attributes": []
                },
                "message": {
                    "name": "message",
                    "isArray": false,
                    "type": "String",
                    "isRequired": false,
                    "attributes": []
                },
                "scheduledAt": {
                    "name": "scheduledAt",
                    "isArray": false,
                    "type": "AWSDateTime",
                    "isRequired": true,
                    "attributes": []
                },
                "status": {
                    "name": "status",
                    "isArray": false,
                    "type": {
                        "enum": "PropertyViewingStatus"
                    },
                    "isRequired": false,
                    "attributes": []
                },
                "createdAt": {
                    "name": "createdAt",
                    "isArray": false,
                    "type": "AWSDateTime",
                    "isRequired": false,
                    "attributes": []
                },
                "updatedAt": {
                    "name": "updatedAt",
                    "isArray": false,
                    "type": "AWSDateTime",
                    "isRequired": false,
                    "attributes": []
                }
            },
            "syncable": true,
            "pluralName": "PropertyViewings",
            "attributes": [
                {
                    "type": "model",
                    "properties": {}
                },
                {
                    "type": "auth",
                    "properties": {
                        "rules": [
                            {
                                "provider": "userPools",
                                "ownerField": "userId",
                                "allow": "owner",
                                "operations": [
                                    "create",
                                    "read",
                                    "update",
                                    "delete"
                                ],
                                "identityClaim": "cognito:username"
                            },
                            {
                                "provider": "userPools",
                                "ownerField": "propertyOwnerId",
                                "allow": "owner",
                                "operations": [
                                    "read",
                                    "update"
                                ],
                                "identityClaim": "cognito:username"
                            }
                        ]
                    }
                }
            ],
            "primaryKeyInfo": {
                "isCustomPrimaryKey": false,
                "primaryKeyFieldName": "id",
                "sortKeyFieldNames": []
            }
        }
    },
    "enums": {
        "PropertyType": {
            "name": "PropertyType",
            "values": [
                "house",
                "apartment",
                "condo",
                "villa"
            ]
        },
        "PropertyStatus": {
            "name": "PropertyStatus",
            "values": [
                "available",
                "pending",
                "sold"
            ]
        },
        "ClientQueryStatus": {
            "name": "ClientQueryStatus",
            "values": [
                "unread",
                "read",
                "replied"
            ]
        },
        "ClientQueryPriority": {
            "name": "ClientQueryPriority",
            "values": [
                "low",
                "medium",
                "high"
            ]
        },
        "PropertyViewingStatus": {
            "name": "PropertyViewingStatus",
            "values": [
                "scheduled",
                "completed",
                "cancelled",
                "accepted",
                "rejected"
            ]
        }
    },
    "nonModels": {}
}