{
    "version": 1,
    "models": {
        "Property": {
            "name": "Property",
            "fields": {
                "id": {
                    "name": "id",
                    "isArray": false,
                    "type": "ID",
                    "isRequired": true,
                    "attributes": []
                },
                "title": {
                    "name": "title",
                    "isArray": false,
                    "type": "String",
                    "isRequired": true,
                    "attributes": []
                },
                "description": {
                    "name": "description",
                    "isArray": false,
                    "type": "String",
                    "isRequired": true,
                    "attributes": []
                },
                "price": {
                    "name": "price",
                    "isArray": false,
                    "type": "Int",
                    "isRequired": true,
                    "attributes": []
                },
                "location": {
                    "name": "location",
                    "isArray": false,
                    "type": "String",
                    "isRequired": true,
                    "attributes": []
                },
                "type": {
                    "name": "type",
                    "isArray": false,
                    "type": {
                        "enum": "PropertyType"
                    },
                    "isRequired": false,
                    "attributes": []
                },
                "bedrooms": {
                    "name": "bedrooms",
                    "isArray": false,
                    "type": "Int",
                    "isRequired": true,
                    "attributes": []
                },
                "bathrooms": {
                    "name": "bathrooms",
                    "isArray": false,
                    "type": "Int",
                    "isRequired": true,
                    "attributes": []
                },
                "area": {
                    "name": "area",
                    "isArray": false,
                    "type": "Int",
                    "isRequired": true,
                    "attributes": []
                },
                "status": {
                    "name": "status",
                    "isArray": false,
                    "type": {
                        "enum": "PropertyStatus"
                    },
                    "isRequired": false,
                    "attributes": []
                },
                "images": {
                    "name": "images",
                    "isArray": true,
                    "type": "String",
                    "isRequired": false,
                    "attributes": [],
                    "isArrayNullable": true
                },
                "features": {
                    "name": "features",
                    "isArray": true,
                    "type": "String",
                    "isRequired": false,
                    "attributes": [],
                    "isArrayNullable": true
                },
                "views": {
                    "name": "views",
                    "isArray": false,
                    "type": "Int",
                    "isRequired": false,
                    "attributes": []
                },
                "listerId": {
                    "name": "listerId",
                    "isArray": false,
                    "type": "String",
                    "isRequired": true,
                    "attributes": []
                },
                "listerName": {
                    "name": "listerName",
                    "isArray": false,
                    "type": "String",
                    "isRequired": false,
                    "attributes": []
                },
                "listerEmail": {
                    "name": "listerEmail",
                    "isArray": false,
                    "type": "String",
                    "isRequired": false,
                    "attributes": []
                },
                "listerPhone": {
                    "name": "listerPhone",
                    "isArray": false,
                    "type": "String",
                    "isRequired": false,
                    "attributes": []
                },
                "createdAt": {
                    "name": "createdAt",
                    "isArray": false,
                    "type": "AWSDateTime",
                    "isRequired": false,
                    "attributes": []
                },
                "updatedAt": {
                    "name": "updatedAt",
                    "isArray": false,
                    "type": "AWSDateTime",
                    "isRequired": false,
                    "attributes": []
                }
            },
            "syncable": true,
            "pluralName": "Properties",
            "attributes": [
                {
                    "type": "model",
                    "properties": {}
                },
                {
                    "type": "key",
                    "properties": {
                        "fields": [
                            "id"
                        ]
                    }
                },
                {
                    "type": "key",
                    "properties": {
                        "name": "propertiesByType",
                        "queryField": "listPropertiesByType",
                        "fields": [
                            "type"
                        ]
                    }
                },
                {
                    "type": "key",
                    "properties": {
                        "name": "propertiesByStatus",
                        "queryField": "listPropertiesByStatus",
                        "fields": [
                            "status"
                        ]
                    }
                },
                {
                    "type": "key",
                    "properties": {
                        "name": "propertiesByListerId",
                        "queryField": "listPropertiesByLister",
                        "fields": [
                            "listerId"
                        ]
                    }
                },
                {
                    "type": "key",
                    "properties": {
                        "name": "propertiesByCreatedAt",
                        "queryField": "listPropertiesByDate",
                        "fields": [
                            "createdAt"
                        ]
                    }
                },
                {
                    "type": "auth",
                    "properties": {
                        "rules": [
                            {
                                "allow": "public",
                                "provider": "iam",
                                "operations": [
                                    "read"
                                ]
                            },
                            {
                                "allow": "private",
                                "operations": [
                                    "read"
                                ]
                            },
                            {
                                "provider": "userPools",
                                "ownerField": "owner",
                                "allow": "owner",
                                "operations": [
                                    "create",
                                    "update",
                                    "delete"
                                ],
                                "identityClaim": "cognito:username"
                            }
                        ]
                    }
                }
            ],
            "primaryKeyInfo": {
                "isCustomPrimaryKey": false,
                "primaryKeyFieldName": "id",
                "sortKeyFieldNames": []
            }
        },
        "UserPreference": {
            "name": "UserPreference",
            "fields": {
                "id": {
                    "name": "id",
                    "isArray": false,
                    "type": "ID",
                    "isRequired": true,
                    "attributes": []
                },
                "userId": {
                    "name": "userId",
                    "isArray": false,
                    "type": "String",
                    "isRequired": true,
                    "attributes": []
                },
                "catalogueProperties": {
                    "name": "catalogueProperties",
                    "isArray": true,
                    "type": "String",
                    "isRequired": false,
                    "attributes": [],
                    "isArrayNullable": true
                },
                "favoriteProperties": {
                    "name": "favoriteProperties",
                    "isArray": true,
                    "type": "String",
                    "isRequired": false,
                    "attributes": [],
                    "isArrayNullable": true
                },
                "searchHistory": {
                    "name": "searchHistory",
                    "isArray": true,
                    "type": "String",
                    "isRequired": false,
                    "attributes": [],
                    "isArrayNullable": true
                },
                "priceRange": {
                    "name": "priceRange",
                    "isArray": false,
                    "type": "AWSJSON",
                    "isRequired": false,
                    "attributes": []
                },
                "preferredLocations": {
                    "name": "preferredLocations",
                    "isArray": true,
                    "type": "String",
                    "isRequired": false,
                    "attributes": [],
                    "isArrayNullable": true
                },
                "createdAt": {
                    "name": "createdAt",
                    "isArray": false,
                    "type": "AWSDateTime",
                    "isRequired": false,
                    "attributes": [],
                    "isReadOnly": true
                },
                "updatedAt": {
                    "name": "updatedAt",
                    "isArray": false,
                    "type": "AWSDateTime",
                    "isRequired": false,
                    "attributes": [],
                    "isReadOnly": true
                }
            },
            "syncable": true,
            "pluralName": "UserPreferences",
            "attributes": [
                {
                    "type": "model",
                    "properties": {}
                },
                {
                    "type": "key",
                    "properties": {
                        "fields": [
                            "id"
                        ]
                    }
                },
                {
                    "type": "auth",
                    "properties": {
                        "rules": [
                            {
                                "provider": "userPools",
                                "ownerField": "owner",
                                "allow": "owner",
                                "operations": [
                                    "create",
                                    "read",
                                    "update",
                                    "delete"
                                ],
                                "identityClaim": "cognito:username"
                            }
                        ]
                    }
                }
            ],
            "primaryKeyInfo": {
                "isCustomPrimaryKey": false,
                "primaryKeyFieldName": "id",
                "sortKeyFieldNames": []
            }
        },
        "PropertyViewing": {
            "name": "PropertyViewing",
            "fields": {
                "id": {
                    "name": "id",
                    "isArray": false,
                    "type": "ID",
                    "isRequired": true,
                    "attributes": []
                },
                "propertyId": {
                    "name": "propertyId",
                    "isArray": false,
                    "type": "String",
                    "isRequired": true,
                    "attributes": []
                },
                "clientName": {
                    "name": "clientName",
                    "isArray": false,
                    "type": "String",
                    "isRequired": true,
                    "attributes": []
                },
                "clientEmail": {
                    "name": "clientEmail",
                    "isArray": false,
                    "type": "String",
                    "isRequired": true,
                    "attributes": []
                },
                "clientPhone": {
                    "name": "clientPhone",
                    "isArray": false,
                    "type": "String",
                    "isRequired": false,
                    "attributes": []
                },
                "date": {
                    "name": "date",
                    "isArray": false,
                    "type": "AWSDate",
                    "isRequired": true,
                    "attributes": []
                },
                "time": {
                    "name": "time",
                    "isArray": false,
                    "type": "String",
                    "isRequired": true,
                    "attributes": []
                },
                "message": {
                    "name": "message",
                    "isArray": false,
                    "type": "String",
                    "isRequired": false,
                    "attributes": []
                },
                "status": {
                    "name": "status",
                    "isArray": false,
                    "type": {
                        "enum": "PropertyViewingStatus"
                    },
                    "isRequired": false,
                    "attributes": []
                },
                "listerId": {
                    "name": "listerId",
                    "isArray": false,
                    "type": "String",
                    "isRequired": true,
                    "attributes": []
                },
                "createdAt": {
                    "name": "createdAt",
                    "isArray": false,
                    "type": "AWSDateTime",
                    "isRequired": false,
                    "attributes": []
                },
                "updatedAt": {
                    "name": "updatedAt",
                    "isArray": false,
                    "type": "AWSDateTime",
                    "isRequired": false,
                    "attributes": [],
                    "isReadOnly": true
                }
            },
            "syncable": true,
            "pluralName": "PropertyViewings",
            "attributes": [
                {
                    "type": "model",
                    "properties": {}
                },
                {
                    "type": "key",
                    "properties": {
                        "fields": [
                            "id"
                        ]
                    }
                },
                {
                    "type": "auth",
                    "properties": {
                        "rules": [
                            {
                                "provider": "userPools",
                                "ownerField": "owner",
                                "allow": "owner",
                                "operations": [
                                    "read",
                                    "update"
                                ],
                                "identityClaim": "cognito:username"
                            },
                            {
                                "allow": "private",
                                "operations": [
                                    "create"
                                ]
                            }
                        ]
                    }
                }
            ],
            "primaryKeyInfo": {
                "isCustomPrimaryKey": false,
                "primaryKeyFieldName": "id",
                "sortKeyFieldNames": []
            }
        }
    },
    "enums": {
        "PropertyType": {
            "name": "PropertyType",
            "values": [
                "house",
                "apartment",
                "condo",
                "villa"
            ]
        },
        "PropertyStatus": {
            "name": "PropertyStatus",
            "values": [
                "available",
                "pending",
                "sold"
            ]
        },
        "PropertyViewingStatus": {
            "name": "PropertyViewingStatus",
            "values": [
                "scheduled",
                "completed",
                "cancelled"
            ]
        }
    },
    "nonModels": {}
}